{
  "schemaVersion": 1,
  "id": "instant-xp-gain",
  "version": "1.1.0",
  "name": "Instant XP Gain",
  "description": "No More XP Orbs: Simplify your Minecraft experience while improving performance!",
  "authors": [
    "TommonPavou"
  ],
  "contact": {
    "homepage": "",
    "sources": ""
  },
  "license": "GNU Affero General Public License v3.0",
  "icon": "assets/instant-xp-gain/icon.png",
  "environment": "server",
  "entrypoints": {
    "main": [
      "github.tommonpavou.InstantXPGain"
    ]
  },
  "mixins": [
    "instant-xp-gain.mixins.json"
  ],
  "depends": {
    "fabricloader": ">=0.16.9",
    "minecraft": "~1.20",
    "java": ">=17",
    "fabric-api": "*"
  },
  "suggests": {
    "another-mod": "*"
  }
}