{
  "required": true,
  "package": "github.tommonpavou.mixin",
  "compatibilityLevel": "JAVA_17",
  "mixins": [
    "BlockDropMixin",
    "BreedingDropMixin",
    "EnderDragonDropMixin",
    "EntityDeathDropMixin",
    "ExperienceOrbMixin",
    "FurnaceBlockDropMixin",
    "PhaseManagerAccessor",
    "PlayerEntityDeathDropMixin",
    "SculkCatalystBlockDropMixin",
    "SculkSensorBlockDropMixin",
    "SculkShriekerBlockDropMixin",
    "SpawnerBlockDropMixin",
    "VillagerTradeDropMixin"
  ],
  "injectors": {
    "defaultRequire": 1
  }
}
